{
    "licenseKey": "0b903172-2fbe-4de2-bd02-8957c57349c8",
    "startup_app": {
        "metadata": {
            "version": "2.29.0"
        },
        "autoShow": true,
        "defaultHeight": 768,
        "defaultWidth": 1280,
        "description": "Flow Navigator",
        "enableAppLogging": true,
        "logManagement": {
            "enabled": false,
            "url": "http://jasperauthd.jefferies.com:3000/"
        },
        "frame": false,
        "minHeight": 650,
        "minWidth": 1050,
        "icon": "http://localhost:3100/favicon.ico",
        "splashScreenImage": "http://localhost:3100/jefLogo.png",
        "name": "Flow Navigator",
        "url": "http://localhost:3100",
        "uuid": "Jasper-local-produs-utbzusugj2",
        "api": {
            "iframe": {
                "crossOriginInjection": true
            }
        },
        "cornerRounding": {
            "width": 5,
            "height": 5
        },
        "permissions": {
            "ExternalWindow": {
                "wrap": true
            },
            "System": {
                "getAllExternalWindows": true,
                "launchExternalProcess": true,
                "readRegistryValue": false,
                "terminateExternalProcess": true
            }
        }
    },
    "runtime": {
        "arguments": "--disable-gpu --security-realm=FlowNavigator-local-US --enable-mesh --disable-features=CookiesWithoutSameSiteMustSecure,SameSiteByDefaultCookies",
        "version": "19.89.59.24"
    },
    "shortcut": {
        "company": "Jefferies",
        "description": "Flow Navigator Local US",
        "icon": "http://localhost:3100/favicon.ico",
        "force": true,
        "name": "Flow Navigator Local US",
        "target": [
            "desktop",
            "start-menu",
            "automatic-start-up"
        ]
    },
    "dialogSettings": {
        "bgColor": 4279317333,
        "textColor": 4294967295,
        "progressBarBgColor": 4280560704,
        "progressBarFillColor": 4294288931,
        "progressBarBorderColor": 4294967295,
        "logo": "http://localhost:3100/jefLogo.png",
        "splashScreenImage": "http://localhost:3100/jefLogo.png"
    },
    "appAssets": [
        {
            "src": "http://localhost:3100/appAssets/bbg-send-keys.zip",
            "alias": "BBGSendKeys",
            "target": "bbg-send-keys.exe",
            "version": "2.1.52.c75b71caa2"
        },
        {
            "src": "http://localhost:3100/appAssets/ExcelImporter.zip",
            "alias": "ExcelImporter",
            "target": "ExcelImporter.exe",
            "version": "1.1.0.0"
        },
        {
            "src": "http://localhost:3100/appAssets/ExcelImporter2.zip",
            "alias": "ExcelImporter2",
            "target": "ExcelImporter.exe",
            "version": "2.0.0.0"
        },
        {
            "src": "http://localhost:3100/appAssets/BloombergCommandConsole.zip",
            "alias": "BloombergCommandConsole",
            "target": "BloombergCommandConsole.exe",
            "version": "1.0.0.2"
        }
    ]
}