{
  "notifications": [
    {
      "id": "4c05dc2f-486b-40ea-a398-fe8feceacce4",
      "time": "8:00",
      "side": "buy",
      "security": "Georgia",
      "type": "New Axe Match",
      "size": 91,
      "read": false,
      "matchers": 4
    },
    {
      "id": "818ae36e-f5f3-4d23-b465-7d1e31014da3",
      "time": "5:08",
      "side": "buy",
      "security": "North Carolina",
      "type": "New Axe Match",
      "size": 43,
      "read": false,
      "matchers": 4
    },
    {
      "id": "89627338-31a9-4b96-a174-d9dd326eb3cc",
      "time": "20:52",
      "side": "sell",
      "security": "Massachusetts",
      "type": "New Axe Match",
      "size": 56,
      "read": false,
      "matchers": 4
    },
    {
      "id": "b1efaf89-471a-422a-aaec-4f787e240abf",
      "time": "6:52",
      "side": "sell",
      "security": "Florida",
      "type": "New Axe Match",
      "size": 35,
      "read": false,
      "matchers": 3
    },
    {
      "id": "656135ca-16d4-497f-831f-f64a9c68f68e",
      "time": "20:21",
      "side": "buy",
      "security": "Georgia",
      "type": "New Axe Match",
      "size": 70,
      "read": false,
      "matchers": 7
    },
    {
      "id": "a4001dbd-cb9d-4364-9c4b-760fb29c5729",
      "time": "13:37",
      "side": "sell",
      "security": "Colorado",
      "type": "New Axe Match",
      "size": 24,
      "read": false,
      "matchers": 5
    },
    {
      "id": "5e8eca8d-f086-4f25-9ad6-64fce1740855",
      "time": "13:44",
      "side": "sell",
      "security": "Colorado",
      "type": "New Axe Match",
      "size": 96,
      "read": false,
      "matchers": 9
    },
    {
      "id": "46e73d6c-c864-40a9-bbab-2c92d6a45ee6",
      "time": "11:45",
      "side": "buy",
      "security": "Texas",
      "type": "New Axe Match",
      "size": 73,
      "read": false,
      "matchers": 1
    },
    {
      "id": "12299747-60e0-4584-a23e-bfe08eb53e55",
      "time": "10:56",
      "side": "buy",
      "security": "California",
      "type": "New Axe Match",
      "size": 2,
      "read": false,
      "matchers": 2
    },
    {
      "id": "bfcbd11c-f922-4424-a534-96d68910c0c5",
      "time": "9:31",
      "side": "buy",
      "security": "Minnesota",
      "type": "New Axe Match",
      "size": 28,
      "read": false,
      "matchers": 5
    },
    {
      "id": "a161a7e7-6b3c-4dca-86c9-9a0f4dc232ce",
      "time": "3:15",
      "side": "buy",
      "security": "Nevada",
      "type": "New Axe Match",
      "size": 97,
      "read": false,
      "matchers": 10
    },
    {
      "id": "ed7f0f2d-7108-4406-a049-99e882e1434c",
      "time": "8:09",
      "side": "buy",
      "security": "Texas",
      "type": "New Axe Match",
      "size": 93,
      "read": false,
      "matchers": 5
    },
    {
      "id": "c98705b2-0ce4-4c8f-99d3-4baaf2a1c6fe",
      "time": "6:52",
      "side": "sell",
      "security": "Nebraska",
      "type": "New Axe Match",
      "size": 43,
      "read": false,
      "matchers": 9
    },
    {
      "id": "7eae5c23-eff4-4287-b318-3067537f240c",
      "time": "3:14",
      "side": "buy",
      "security": "California",
      "type": "New Axe Match",
      "size": 18,
      "read": false,
      "matchers": 4
    },
    {
      "id": "555e700f-a9d5-4d7e-8b3b-6f8ae54a6df7",
      "time": "3:56",
      "side": "buy",
      "security": "California",
      "type": "New Axe Match",
      "size": 3,
      "read": false,
      "matchers": 8
    },
    {
      "id": "b4310f65-b59a-4062-8c26-daa1a82dd97e",
      "time": "0:28",
      "side": "buy",
      "security": "Minnesota",
      "type": "New Axe Match",
      "size": 96,
      "read": false,
      "matchers": 9
    },
    {
      "id": "0b4bc6c4-8057-4fb1-ac3f-9b9fe2fa10fb",
      "time": "8:35",
      "side": "buy",
      "security": "Washington",
      "type": "New Axe Match",
      "size": 43,
      "read": false,
      "matchers": 7
    },
    {
      "id": "ce44c3e9-220a-4513-bb25-2f80e8d302c8",
      "time": "20:40",
      "side": "buy",
      "security": "District of Columbia",
      "type": "New Axe Match",
      "size": 59,
      "read": false,
      "matchers": 3
    },
    {
      "id": "6690de1d-f2ca-445d-8c3c-38fbb1dda706",
      "time": "3:40",
      "side": "buy",
      "security": "New York",
      "type": "New Axe Match",
      "size": 27,
      "read": false,
      "matchers": 7
    },
    {
      "id": "5d10b78d-16b3-4cb6-8ab3-441f18150d2f",
      "time": "13:52",
      "side": "sell",
      "security": "Indiana",
      "type": "New Axe Match",
      "size": 67,
      "read": false,
      "matchers": 6
    }
  ]
}
