{
  "clientsMock": [
    { "name": "Madison Investment Adv.", "group": "client" },
    { "name": "Makor Securities London Limited", "group": "client" },
    { "name": "Aetna Inc", "group": "client" },
    { "name": "Allianz SE", "group": "client" },
    { "name": "Frank Russel Company", "group": "client" }
  ],
  "tickersMock": [
    { "name": "AAPL", "description": "Apple", "group": "ticker" },
    { "name": "VOD", "description": "Vodaphone Group PLC", "group": "ticker" },
    { "name": "CITHOL", "description": "Citgo Holding", "group": "ticker" },
    { "name": "AVNS", "description": "Avanos Medical Inc", "group": "ticker" },
    { "name": "NFLX", "description": "Netflix Inc", "group": "ticker" }
  ],
  "cusipsMock": [
    { "name": "88737BWD", "description": "BTPS 1,650 APR 20 ICPI", "group": "cusip" },
    { "name": "92857WBC", "description": "SEB 2.80 03/11/22", "group": "cusip" },
    { "name": "88737BWD", "description": "BTPS 1,650 APR 20 ICPI", "group": "cusip" },
    { "name": "92857WBC", "description": "SEB 2.80 03/11/22", "group": "cusip" },
    { "name": "88737BWD", "description": "BTPS 1,650 APR 20 ICPI", "group": "cusip" }
  ]
}
